"product_id","current_type","new_type","product_name"
"8469431255229","","Women's Dresses","Full Size Ruffled Hem V-Neck Sleeveless Dress Plus Size"
"8469430894781","","Women's Tops","Graphic Round Neck Casual Sweatshirt"
"8469430698173","","Women's Tops","Full Size Hollow Out Round Neck Top Plus Size"
"8469430468797","","Women's Dresses","Umgee Abstract Print Babydoll Mini Dress"
"8469430304957","","Women's Tops","Zenana Seamless Winkle Stone Washed Tank Top"
"8469430173885","","Women's Tops","Western Patchwork Cow Drop Shoulder Sweatshirt"
"8469429944509","","Women's Tops","Lace Button Up Long Sleeve Shirt"
"8469429780669","","Women's Tops","Raw Seam Detail Solid Color Long Sleeve Top"
"8469429616829","","Women's Tops","Zenana V-Neck Short Sleeve Dolman Sweater"
"8469429420221","","Women's Tops","Denim Trim Button Detail Sweatshirt"
"8469429158077","","Women's Tops","Oversized Color-Block Crewneck Sweatshirt"
"8469428928701","","Women's Bottoms","Umgee Linen Elastic Waist Wide Leg Pants"
"8469428732093","","Women's Dresses","Texture Half Zip Cap Sleeve Mini Dress"
"8469428502717","","Women's Tops","Spaghetti Strap Leopard Long Sleeve Blouse"
"8469428371645","","Women's Bottoms","Ribbed Wide Leg Sweater Pants"
"8469428142269","","Men's Outerwear","Men's Plus Size Zip Up Raglan Sleeve Jacket"
"8469427978429","","Women's Bottoms","Openwork Cropped Tank and Split Skirt Set"
"8469427454141","","Women's Tops","Zenana Scuba Dolman Sleeve Sweatshirt"
"8469427126461","","Women's Tops","Stripe holly jolly Letter Embroidered Pullover Sweatshirt"
"8469426700477","","Women's Tops","Plaid Deep V-Neck Long Sleeve Slim Fit Blouse"
"8469426536637","","Women's Tops","Mandy Rolled Cap Sleeve Round Neck Sweater Vest"
"8469426274493","","Women's Tops","Star Contrast Round Neck Long Sleeve Knit Top"
"8469426208957","","Women's Tops","Umgee Printed Puff Sleeve Ruffle Neck Top"
"8469425979581","","Women's Dresses","Leopard Print Long Sleeve Shirt Dress with Contrast Trim"
"8469425750205","","Women's Dresses","Full Size Eyelet Ruffled Hem Tiered Dress Plus Size"
"8469425586365","","Women's Tops","Angel Wings Heathered Turtleneck Long Sleeve Sweater"
"8469425356989","","Women's Tops","Oversized Quarter-Zip Hoodie"
"8469424996541","","Women's Tops","Polka Dot Contrast Trim Leopard Round Neck Sweatshirt"
"8469424832701","","Women's Tops","Openwork Hooded Long Sleeve Sweater"
"8469424668861","","Women's Tops","Half Snap Dropped Shoulder Sweatshirt"
"8469520056509","","Men's Outerwear","Men's Plus Size Striped Zip Up Jacket"
"8469519925437","","Men's Outerwear","Men's Plus Size Contrast Trim Zip Up Jacket"
"8469519892669","","Men's Outerwear","Men's Plus Size Hooded Outdoor Windproof Coat"
"8469519859901","","Men's Outerwear","Men's Plus Size Zip Up Hooded Puffer Jacket"
"8469519696061","","Men's Outerwear","Men's Plus Size Lapel Collar Long Sleeve Outerwear"
"8469519630525","","Men's Outerwear","Men's Plus Size Plaid Button Up Casual Shacket"
"8469519564989","","Men's Outerwear","Men's Full Size Hooded Faux Leather Motorcycle Jacket Plus Size"
"8469519532221","","Men's Outerwear","Men's Plus Size Hooded Windproof Casual Jacket"
"8469519499453","","Men's Outerwear","Men's Plus Size Camouflage Zip Up Bomber Jacket"
"8469519401149","","Men's Outerwear","Men's Plus Size Vintage Motorcycle Faux Leather Bomber Jacket"
"8469519368381","","Men's Outerwear","Men's Full Size Camouflage Hooded Faux Leather Jacket Plus Size"
"8469519302845","","Men's T-Shirts","Men's Plus Size Letter Back Round Neck T-Shirt"
"8469519270077","","Men's Outerwear","Men's Plus Size Lapel Collar Button Up Blazer"
"8469519171773","","Men's Outerwear","Men's Full Size Leather Biker Jacket with Zipper Pockets Plus Size"
"8469519106237","","Men's Outerwear","Men's Plus Size Hooded Colorblock Lightweight Jacket"
"8469519073469","","Men's Shirts","Men's Full Size Casual Linen Long Sleeve Polo Shirt Plus Size"
"8469519040701","","Men's Outerwear","Men's Plus Size Zip Up Long Sleeve Jacket"
"8469518909629","","Men's Outerwear","Men's Plus Size Vibrant Leaf Print Blazer"
"8469518811325","","Men's Outerwear","Men's Plus Size Zip Up Long Sleeve Jacket"
"8469518778557","","Women's Tops","Button Detail Long Sleeve Shirt"
"8469518745789","","Men's Outerwear","Men's Full Size Longline Hooded Down Coat Plus Size"
"8469518713021","","Men's Outerwear","Men's Full Size Full-Zip Outdoor Jacket Plus Size"
"8469518647485","","Men's Outerwear","Men's Plus Size Zip Up Hooded Contrast Puffer Jacket"
"8469518614717","","Men's Outerwear","Men's Plus Size Zip Up Hooded Padded Puffer Jacket"
"8469518418109","","Men's Outerwear","Men's Plus Size Slim Fit Velvet Blazer"
"8469518385341","","Men's Outerwear","Men's Plus Size Stand Collar Leather Moto Jacket"
"8469518352573","","Men's Outerwear","Men's Plus Size Dual Chest Pockets Shacket"
"8469518319805","","Men's Outerwear","Men's Plus Size Zip Up Bomber Jacket"
"8469518287037","","Men's Outerwear","Men's Plus Size Zip Up Motorcycle Jacket"
"8469518254269","","Men's Outerwear","Men's Plus Size Classic Button Up Denim Blazer"
"8469518090429","","Men's Outerwear","Men's Plus Size Drawstring Casual Hooded Parka Coat"
"8454878527677","","Women's Outerwear","Plaid Button-Up Cardigan"
"8448575013053","0","Men's Shirts","Women's Lace Chemise Nightgown Sling Home Pajamas Garter Set"
"8448574587069","0","Men's Shorts","Summer Women's Pajamas Suspenders Vest Shorts Set"
"8448574161085","0","Women's Dresses","Satin Party Dress V Neck Backless Mini Sleeveless Summer Party Dress"
"8448573898941","5","Men's Outerwear","Ladies Fashion Casual Slim Suit Two-piece Plus-size Suit, Plaid Pattern Elegant Skirt Suit With Buttons, Lapel Long Sleeve Suit Jacket And High Waist Skirt, Plus-size Women'S Wear Amazon Don't Sell"
"8448572096701","0","Women's Outerwear","Large lapel short plaid jacket coat hooded cotton coat"
"8448570917053","0","Women's Dresses","Prom sequin dress"
"8448569639101","0","Women's Tops","Round neck long sleeve printed plus size t-shirt"
"8448567836861","0","Men's Shorts","Satin Pajamas  Lace Pijama Nightie Sleepwear Home Clothes Tops And Shorts Women's Silk Pajamas Solid Color Pajama Set"
"8448566296765","0","Men's Shirts","Solid Long Sleeve Sweater Slimming V-neckline Knitwear Women's Bottoming Shirt"
"8448564691133","0","Men's Shirts","Women's Sexy Elegant Evening Party Dresses Round Neck Pit Stripe Pearl Chiffon Cape Sleeve Wrapped Hip Dress"
"8448563544253","4","Women's Dresses","Casual Leopard Print Ruffled Swing Dress Summer Fashion Beach Dresses Women"
"8448562528445","0","Women's Dresses","Prom Ladies Dress Elegant Sequin Dress"
"8448561152189","0","Men's Shirts","Women's Tube Top Fashion Cutout Thin Prom Evening Dress"
"8448559448253","0","Men's T-Shirts","Women's Vintage Leopard Print Long-sleeved T-shirt"
"8448558301373","0","Women's Tops","Early Spring Long-sleeved Thin Sweater Female"
"8448557514941","0","Men's Pants","Men's Fashion Straight Casual Pants"
"8448556040381","0","Women's Outerwear","Cross Border Multi-color Solid Color 3D Printing Digital Printing Hooded Sweater Brown Lining Cotton-padded Jacket"
"8448554631357","0","Women's Bottoms","Pure color all-match pants"
"8448553681085","0","Women's Tops","Round Neck Solid Color Long Sleeve T-Shirt"
"8448529137853","0","Men's Shirts","Fashionable New Printed Loose-fitting Women's Top"
"8447296110781","Women's Clothing","Women's Bottoms","Cream Textured Tie-Front Crop Top & Mini Skirt Set"
"8447282905277","Fitness Accessories","Training Essentials","Go Love Joy Half-Finger Fitness & Cycling Gloves"
"8447161041085","","Accessories","Original Fluffy Cat Ear Hat Lolita Spiky Star Braided Hair Hat Autumn Winter Warmth Subculture Y2K Headwear"
"8447160942781","","Accessories","Motorcycle Balaclava Full Face Mask Skull Print Motorbike Full Face Mask Windproof Skiing Head Neck Warmer Bicycle Helmet Liner"
"8447155830973","","Active Tops","Fashionable Pink Floral Round Neck Sleeveless Vest Dress for Women Casual Summer Style"
"8447131582653","","Men's Shirts","Elegant Women's V-Neck Ruffle Blouse with Tie Waist, Lantern Sleeves Long Sleeve Top"
"8379407728829","Men's Underwear","Men's Pants","Men's Slim-Fit Elastic Waist Jogger Pants"
"8379407696061","Men's Jeans","Men's Pants","Men's Korean Streetwear Wide Leg Jeans"
"8379407663293","","Men's Pants","Men's Loose Fit Streetwear Jogger Trousers"
"8379407630525","","Men's Shirts","Men's 3-Piece Slim Fit Business & Wedding Suit"
"8379407564989","","Men's Shirts","Men's Summer Polo Shirt - Elevate Your Casual Look with Breathable Comfort"
"8379407532221","Men Jeans","Men's Pants","Men's Multi-Pocket Regular Fit Street Jeans"
"8379407499453","men","Active Tops","Men's Ice Silk Mesh Vest Lightweight Sports Summer Wear"
"8379407368381","","Men's Shorts","Men's Elastic Waist Sports Shorts - Comfortable & Stylish for Summer Adventures"
"8379407335613","Men's Knitwear","Men's Shirts","Men's Turtleneck Knit Pullover Sweater"
"8379407270077","men","Men's T-Shirts","Men's Waffle Knit Round Neck T-Shirt"
"8379407237309","mens wear","Men's T-Shirts","Men's Heavy Cotton Vintage Washed Tee"
"8379407204541","mens wear","Performance Wear","Night Reflective Windbreaker Jacket"
"8379054915773","Men's Underwear","Men's Loungewear","Hanes Men's Cool Cotton Boxer Briefs Pack | VennixStore"
